1, 1, 3, 0.000000
2, 3, 6, 0.030000
3, 6, 9, 0.089700
4, 7, 12, 0.158803
5, 12, 15, 0.277215
6, 13, 18, 0.404442
7, 14, 21, 0.540398
8, 15, 24, 0.684994
9, 24, 27, 0.918144
10, 25, 30, 1.158962
11, 26, 33, 1.407372
12, 27, 36, 1.663298
13, 28, 39, 1.926665
14, 29, 42, 2.197398
15, 30, 45, 2.475424
16, 31, 48, 2.760669
17, 48, 51, 3.213062
18, 49, 54, 3.670931
19, 50, 57, 4.134221
20, 51, 60, 4.602879
21, 52, 63, 5.076849
22, 53, 66, 5.556081
23, 54, 69, 6.040520
24, 55, 72, 6.530114
25, 56, 75, 7.024813
26, 57, 78, 7.524564
27, 58, 81, 8.029318
28, 59, 84, 8.539024
29, 60, 87, 9.053634
30, 61, 90, 9.573097
31, 62, 93, 10.097366
32, 63, 96, 10.626392
33, 96, 99, 11.480127
34, 97, 102, 12.335325
35, 98, 105, 13.191971
36, 99, 108, 14.050050
37, 100, 111, 14.909549
38, 101, 114, 15.770452
39, 102, 117, 16.632748
40, 103, 120, 17.496420
41, 104, 123, 18.361454
42, 105, 126, 19.227839
43, 106, 129, 20.095560
44, 107, 132, 20.964603
45, 108, 135, 21.834957
46, 109, 138, 22.706606
47, 110, 141, 23.579538
48, 111, 144, 24.453741
49, 112, 147, 25.329203
50, 113, 150, 26.205910
51, 114, 153, 27.083851
52, 115, 156, 27.963013
53, 116, 159, 28.843380
54, 117, 162, 29.724945
55, 118, 165, 30.607695
56, 119, 168, 31.491617
57, 120, 171, 32.376701
58, 121, 174, 33.262936
59, 122, 177, 34.150303
60, 123, 180, 35.038799
61, 124, 183, 35.928410
62, 125, 186, 36.819126
63, 126, 189, 37.710934
64, 127, 192, 38.603825
65, 192, 195, 40.137783
66, 193, 198, 41.666401
67, 194, 201, 43.189735
68, 195, 204, 44.707836
69, 196, 207, 46.220757
70, 197, 210, 47.728546
71, 198, 213, 49.231262
72, 199, 216, 50.728947
73, 200, 219, 52.221657
74, 201, 222, 53.709438
75, 202, 225, 55.192341
76, 203, 228, 56.670418
77, 204, 231, 58.143711
78, 205, 234, 59.612274
79, 206, 237, 61.076149
80, 207, 240, 62.535389
81, 208, 243, 63.990032
82, 209, 246, 65.440132
83, 210, 249, 66.885727
84, 211, 252, 68.326874
85, 212, 255, 69.763603
86, 213, 258, 71.195969
87, 214, 261, 72.624008
88, 215, 264, 74.047768
89, 216, 267, 75.467285
90, 217, 270, 76.882614
91, 218, 273, 78.293793
92, 219, 276, 79.700851
93, 220, 279, 81.103844
94, 221, 282, 82.502808
95, 222, 285, 83.897781
96, 223, 288, 85.288803
97, 224, 291, 86.675911
98, 225, 294, 88.059151
99, 226, 297, 89.438553
100, 227, 300, 90.814163
101, 228, 303, 92.186020
102, 229, 306, 93.554161
103, 230, 309, 94.918617
104, 231, 312, 96.279427
105, 232, 315, 97.636635
106, 233, 318, 98.990265
107, 234, 321, 100.340363
108, 235, 324, 101.686958
109, 236, 327, 103.030090
110, 237, 330, 104.369789
111, 238, 333, 105.706093
112, 239, 336, 107.039032
113, 240, 339, 108.368637
114, 241, 342, 109.694946
115, 242, 345, 111.017998
116, 243, 348, 112.337822
117, 244, 351, 113.654442
118, 245, 354, 114.967896
119, 246, 357, 116.278214
120, 247, 360, 117.585434
121, 248, 363, 118.889580
122, 249, 366, 120.190681
123, 250, 369, 121.488777
124, 251, 372, 122.783882
125, 252, 375, 124.076042
126, 253, 378, 125.365280
127, 254, 381, 126.651627
128, 255, 384, 127.935104
129, 384, 387, 130.495758
130, 385, 390, 133.040787
131, 386, 393, 135.570374
132, 387, 396, 138.084671
133, 388, 399, 140.583817
134, 389, 402, 143.067978
135, 390, 405, 145.537292
136, 391, 408, 147.991928
137, 392, 411, 150.432007
138, 393, 414, 152.857681
139, 394, 417, 155.269104
140, 395, 420, 157.666412
141, 396, 423, 160.049744
142, 397, 426, 162.419250
143, 398, 429, 164.775055
144, 399, 432, 167.117294
145, 400, 435, 169.446121
146, 401, 438, 171.761658
147, 402, 441, 174.064026
148, 403, 444, 176.353394
149, 404, 447, 178.629852
150, 405, 450, 180.893555
151, 406, 453, 183.144623
152, 407, 456, 185.383163
153, 408, 459, 187.609329
154, 409, 462, 189.823227
155, 410, 465, 192.024994
156, 411, 468, 194.214752
157, 412, 471, 196.392609
158, 413, 474, 198.558670
159, 414, 477, 200.713089
160, 415, 480, 202.855957
161, 416, 483, 204.987396
162, 417, 486, 207.107529
163, 418, 489, 209.216446
164, 419, 492, 211.314285
165, 420, 495, 213.401138
166, 421, 498, 215.477127
167, 422, 501, 217.542358
168, 423, 504, 219.596939
169, 424, 507, 221.640961
170, 425, 510, 223.674561
171, 426, 513, 225.697815
172, 427, 516, 227.710831
173, 428, 519, 229.713730
174, 429, 522, 231.706589
175, 430, 525, 233.689529
176, 431, 528, 235.662628
177, 432, 531, 237.625992
178, 433, 534, 239.579742
179, 434, 537, 241.523941
180, 435, 540, 243.458694
181, 436, 543, 245.384109
182, 437, 546, 247.300262
183, 438, 549, 249.207245
184, 439, 552, 251.105179
185, 440, 555, 252.994125
186, 441, 558, 254.874176
187, 442, 561, 256.745422
188, 443, 564, 258.607971
189, 444, 567, 260.461884
190, 445, 570, 262.307251
191, 446, 573, 264.144165
192, 447, 576, 265.972717
193, 448, 579, 267.792969
194, 449, 582, 269.605042
195, 450, 585, 271.408997
196, 451, 588, 273.204926
197, 452, 591, 274.992859
198, 453, 594, 276.772919
199, 454, 597, 278.545197
200, 455, 600, 280.309723
201, 456, 603, 282.066620
202, 457, 606, 283.815948
203, 458, 609, 285.557770
204, 459, 612, 287.292206
205, 460, 615, 289.019287
206, 461, 618, 290.739075
207, 462, 621, 292.451691
208, 463, 624, 294.157196
209, 464, 627, 295.855621
210, 465, 630, 297.547058
211, 466, 633, 299.231598
212, 467, 636, 300.909271
213, 468, 639, 302.580170
214, 469, 642, 304.244385
215, 470, 645, 305.901917
216, 471, 648, 307.552887
217, 472, 651, 309.197357
218, 473, 654, 310.835388
219, 474, 657, 312.467041
220, 475, 660, 314.092377
221, 476, 663, 315.711456
222, 477, 666, 317.324341
223, 478, 669, 318.931091
224, 479, 672, 320.531799
225, 480, 675, 322.126465
226, 481, 678, 323.715210
227, 482, 681, 325.298065
228, 483, 684, 326.875061
229, 484, 687, 328.446320
230, 485, 690, 330.011871
231, 486, 693, 331.571747
232, 487, 696, 333.126038
233, 488, 699, 334.674774
234, 489, 702, 336.218018
235, 490, 705, 337.755829
236, 491, 708, 339.288269
237, 492, 711, 340.815369
238, 493, 714, 342.337219
239, 494, 717, 343.853851
240, 495, 720, 345.365295
241, 496, 723, 346.871643
242, 497, 726, 348.372925
243, 498, 729, 349.869171
244, 499, 732, 351.360474
245, 500, 735, 352.846863
246, 501, 738, 354.328400
247, 502, 741, 355.805115
248, 503, 744, 357.277069
249, 504, 747, 358.744324
250, 505, 750, 360.206879
251, 506, 753, 361.664825
252, 507, 756, 363.118195
253, 508, 759, 364.567017
254, 509, 762, 366.011353
255, 510, 765, 367.451263
256, 511, 768, 368.886749
257, 768, 771, 372.877869
258, 769, 774, 376.839081
259, 770, 777, 380.770660
260, 771, 780, 384.672943
261, 772, 783, 388.546204
262, 773, 786, 392.390717
263, 774, 789, 396.206818
264, 775, 792, 399.994751
265, 776, 795, 403.754791
266, 777, 798, 407.487244
267, 778, 801, 411.192383
268, 779, 804, 414.870453
269, 780, 807, 418.521729
270, 781, 810, 422.146515
271, 782, 813, 425.745056
272, 783, 816, 429.317596
273, 784, 819, 432.864410
274, 785, 822, 436.385773
275, 786, 825, 439.881897
276, 787, 828, 443.353088
277, 788, 831, 446.799561
278, 789, 834, 450.221558
279, 790, 837, 453.619354
280, 791, 840, 456.993164
281, 792, 843, 460.343231
282, 793, 846, 463.669800
283, 794, 849, 466.973114
284, 795, 852, 470.253357
285, 796, 855, 473.510834
286, 797, 858, 476.745728
287, 798, 861, 479.958252
288, 799, 864, 483.148651
289, 800, 867, 486.317169
290, 801, 870, 489.463989
291, 802, 873, 492.589355
292, 803, 876, 495.693451
293, 804, 879, 498.776489
294, 805, 882, 501.838715
295, 806, 885, 504.880341
296, 807, 888, 507.901550
297, 808, 891, 510.902527
298, 809, 894, 513.883484
299, 810, 897, 516.844666
300, 811, 900, 519.786255
301, 812, 903, 522.708374
302, 813, 906, 525.611328
303, 814, 909, 528.495239
304, 815, 912, 531.360229
305, 816, 915, 534.206604
306, 817, 918, 537.034546
307, 818, 921, 539.844177
308, 819, 924, 542.635742
309, 820, 927, 545.409424
310, 821, 930, 548.165344
311, 822, 933, 550.903687
312, 823, 936, 553.624634
313, 824, 939, 556.328369
314, 825, 942, 559.015076
315, 826, 945, 561.684937
316, 827, 948, 564.338135
317, 828, 951, 566.974731
318, 829, 954, 569.594971
319, 830, 957, 572.199036
320, 831, 960, 574.787048
321, 832, 963, 577.359192
322, 833, 966, 579.915649
323, 834, 969, 582.456482
324, 835, 972, 584.981873
325, 836, 975, 587.492065
326, 837, 978, 589.987122
327, 838, 981, 592.467285
328, 839, 984, 594.932617
329, 840, 987, 597.383240
330, 841, 990, 599.819397
331, 842, 993, 602.241211
332, 843, 996, 604.648804
333, 844, 999, 607.042297
334, 845, 1002, 609.421875
335, 846, 1005, 611.787598
336, 847, 1008, 614.139709
337, 848, 1011, 616.478271
338, 849, 1014, 618.803467
339, 850, 1017, 621.115417
340, 851, 1020, 623.414307
341, 852, 1023, 625.700195
342, 853, 1026, 627.973145
343, 854, 1029, 630.233398
344, 855, 1032, 632.481079
345, 856, 1035, 634.716248
346, 857, 1038, 636.939087
347, 858, 1041, 639.149719
348, 859, 1044, 641.348206
349, 860, 1047, 643.534729
350, 861, 1050, 645.709351
351, 862, 1053, 647.872253
352, 863, 1056, 650.023560
353, 864, 1059, 652.163330
354, 865, 1062, 654.291687
355, 866, 1065, 656.408752
356, 867, 1068, 658.514648
357, 868, 1071, 660.609497
358, 869, 1074, 662.693420
359, 870, 1077, 664.766479
360, 871, 1080, 666.828857
361, 872, 1083, 668.880554
362, 873, 1086, 670.921753
363, 874, 1089, 672.952515
364, 875, 1092, 674.973022
365, 876, 1095, 676.983337
366, 877, 1098, 678.983521
367, 878, 1101, 680.973633
368, 879, 1104, 682.953857
369, 880, 1107, 684.924316
370, 881, 1110, 686.885071
371, 882, 1113, 688.836243
372, 883, 1116, 690.777893
373, 884, 1119, 692.710083
374, 885, 1122, 694.632935
375, 886, 1125, 696.546570
376, 887, 1128, 698.451111
377, 888, 1131, 700.346619
378, 889, 1134, 702.233154
379, 890, 1137, 704.110779
380, 891, 1140, 705.979675
381, 892, 1143, 707.839844
382, 893, 1146, 709.691467
383, 894, 1149, 711.534546
384, 895, 1152, 713.369202
385, 896, 1155, 715.195557
386, 897, 1158, 717.013550
387, 898, 1161, 718.823425
388, 899, 1164, 720.625183
389, 900, 1167, 722.418945
390, 901, 1170, 724.204773
391, 902, 1173, 725.982727
392, 903, 1176, 727.752869
393, 904, 1179, 729.515320
394, 905, 1182, 731.270142
395, 906, 1185, 733.017456
396, 907, 1188, 734.757324
397, 908, 1191, 736.489746
398, 909, 1194, 738.214844
399, 910, 1197, 739.932678
400, 911, 1200, 741.643372
401, 912, 1203, 743.346924
402, 913, 1206, 745.043457
403, 914, 1209, 746.733032
404, 915, 1212, 748.415649
405, 916, 1215, 750.091492
406, 917, 1218, 751.760559
407, 918, 1221, 753.422974
408, 919, 1224, 755.078735
409, 920, 1227, 756.727966
410, 921, 1230, 758.370728
411, 922, 1233, 760.007019
412, 923, 1236, 761.636963
413, 924, 1239, 763.260620
414, 925, 1242, 764.877991
415, 926, 1245, 766.489258
416, 927, 1248, 768.094421
417, 928, 1251, 769.693481
418, 929, 1254, 771.286560
419, 930, 1257, 772.873718
420, 931, 1260, 774.454956
421, 932, 1263, 776.030396
422, 933, 1266, 777.600098
423, 934, 1269, 779.164062
424, 935, 1272, 780.722412
425, 936, 1275, 782.275208
426, 937, 1278, 783.822449
427, 938, 1281, 785.364258
428, 939, 1284, 786.900635
429, 940, 1287, 788.431580
430, 941, 1290, 789.957214
431, 942, 1293, 791.477661
432, 943, 1296, 792.992859
433, 944, 1299, 794.502930
434, 945, 1302, 796.007935
435, 946, 1305, 797.507812
436, 947, 1308, 799.002686
437, 948, 1311, 800.492676
438, 949, 1314, 801.977722
439, 950, 1317, 803.457947
440, 951, 1320, 804.933411
441, 952, 1323, 806.404114
442, 953, 1326, 807.870056
443, 954, 1329, 809.331360
444, 955, 1332, 810.788025
445, 956, 1335, 812.240173
446, 957, 1338, 813.687805
447, 958, 1341, 815.130981
448, 959, 1344, 816.569641
449, 960, 1347, 818.003906
450, 961, 1350, 819.433838
451, 962, 1353, 820.859497
452, 963, 1356, 822.280945
453, 964, 1359, 823.698181
454, 965, 1362, 825.111145
455, 966, 1365, 826.520020
456, 967, 1368, 827.924805
457, 968, 1371, 829.325562
458, 969, 1374, 830.722290
459, 970, 1377, 832.115112
460, 971, 1380, 833.503906
461, 972, 1383, 834.888855
462, 973, 1386, 836.269958
463, 974, 1389, 837.647278
464, 975, 1392, 839.020813
465, 976, 1395, 840.390625
466, 977, 1398, 841.756775
467, 978, 1401, 843.119202
468, 979, 1404, 844.477966
469, 980, 1407, 845.833191
470, 981, 1410, 847.184875
471, 982, 1413, 848.533020
472, 983, 1416, 849.877686
473, 984, 1419, 851.218872
474, 985, 1422, 852.556641
475, 986, 1425, 853.891052
476, 987, 1428, 855.222168
477, 988, 1431, 856.549988
478, 989, 1434, 857.874512
479, 990, 1437, 859.195740
480, 991, 1440, 860.513794
481, 992, 1443, 861.828674
482, 993, 1446, 863.140381
483, 994, 1449, 864.448975
484, 995, 1452, 865.754517
485, 996, 1455, 867.056946
486, 997, 1458, 868.356384
487, 998, 1461, 869.652832
488, 999, 1464, 870.946289
489, 1000, 1467, 872.236816
490, 1001, 1470, 873.524475
491, 1002, 1473, 874.809265
492, 1003, 1476, 876.091125
493, 1004, 1479, 877.370178
494, 1005, 1482, 878.646484
495, 1006, 1485, 879.920044
496, 1007, 1488, 881.190857
497, 1008, 1491, 882.458984
498, 1009, 1494, 883.724365
499, 1010, 1497, 884.987122
500, 1011, 1500, 886.247253
501, 1012, 1503, 887.504761
502, 1013, 1506, 888.759705
503, 1014, 1509, 890.012146
504, 1015, 1512, 891.262024
505, 1016, 1515, 892.509399
506, 1017, 1518, 893.754272
507, 1018, 1521, 894.996704
508, 1019, 1524, 896.236755
509, 1020, 1527, 897.474426
510, 1021, 1530, 898.709656
511, 1022, 1533, 899.942566
512, 1023, 1536, 901.173157
513, 1536, 1539, 907.521423
514, 1537, 1542, 913.816223
515, 1538, 1545, 920.058044
516, 1539, 1548, 926.247498
517, 1540, 1551, 932.385010
518, 1541, 1554, 938.471130
519, 1542, 1557, 944.506409
520, 1543, 1560, 950.491333
521, 1544, 1563, 956.426453
522, 1545, 1566, 962.312195
523, 1546, 1569, 968.149048
524, 1547, 1572, 973.937561
525, 1548, 1575, 979.678162
526, 1549, 1578, 985.371399
527, 1550, 1581, 991.017700
528, 1551, 1584, 996.617554
529, 1552, 1587, 1002.171326
530, 1553, 1590, 1007.679565
531, 1554, 1593, 1013.142761
532, 1555, 1596, 1018.561340
533, 1556, 1599, 1023.935730
534, 1557, 1602, 1029.266357
535, 1558, 1605, 1034.553711
536, 1559, 1608, 1039.798096
537, 1560, 1611, 1045.000122
538, 1561, 1614, 1050.160156
539, 1562, 1617, 1055.278564
540, 1563, 1620, 1060.355835
541, 1564, 1623, 1065.392334
542, 1565, 1626, 1070.388428
543, 1566, 1629, 1075.344604
544, 1567, 1632, 1080.261230
545, 1568, 1635, 1085.138550
546, 1569, 1638, 1089.977173
547, 1570, 1641, 1094.777344
548, 1571, 1644, 1099.539551
549, 1572, 1647, 1104.264160
550, 1573, 1650, 1108.951538
551, 1574, 1653, 1113.602051
552, 1575, 1656, 1118.216064
553, 1576, 1659, 1122.793945
554, 1577, 1662, 1127.336060
555, 1578, 1665, 1131.842773
556, 1579, 1668, 1136.314453
557, 1580, 1671, 1140.751221
558, 1581, 1674, 1145.153687
559, 1582, 1677, 1149.522095
560, 1583, 1680, 1153.856812
561, 1584, 1683, 1158.158203
562, 1585, 1686, 1162.426636
563, 1586, 1689, 1166.662354
564, 1587, 1692, 1170.865723
565, 1588, 1695, 1175.037109
566, 1589, 1698, 1179.176758
567, 1590, 1701, 1183.285034
568, 1591, 1704, 1187.362183
569, 1592, 1707, 1191.408569
570, 1593, 1710, 1195.424438
571, 1594, 1713, 1199.410156
572, 1595, 1716, 1203.365967
573, 1596, 1719, 1207.292236
574, 1597, 1722, 1211.189331
575, 1598, 1725, 1215.057373
576, 1599, 1728, 1218.896851
577, 1600, 1731, 1222.707886
578, 1601, 1734, 1226.490845
579, 1602, 1737, 1230.245972
580, 1603, 1740, 1233.973511
581, 1604, 1743, 1237.673828
582, 1605, 1746, 1241.347046
583, 1606, 1749, 1244.993530
584, 1607, 1752, 1248.613525
585, 1608, 1755, 1252.207397
586, 1609, 1758, 1255.775269
587, 1610, 1761, 1259.317505
588, 1611, 1764, 1262.834351
589, 1612, 1767, 1266.326050
590, 1613, 1770, 1269.792847
591, 1614, 1773, 1273.234985
592, 1615, 1776, 1276.652710
593, 1616, 1779, 1280.046265
594, 1617, 1782, 1283.415894
595, 1618, 1785, 1286.761719
596, 1619, 1788, 1290.084106
597, 1620, 1791, 1293.383179
598, 1621, 1794, 1296.659302
599, 1622, 1797, 1299.912720
600, 1623, 1800, 1303.143555
601, 1624, 1803, 1306.352173
602, 1625, 1806, 1309.538696
603, 1626, 1809, 1312.703369
604, 1627, 1812, 1315.846313
605, 1628, 1815, 1318.967896
606, 1629, 1818, 1322.068237
607, 1630, 1821, 1325.147461
608, 1631, 1824, 1328.205933
609, 1632, 1827, 1331.243774
610, 1633, 1830, 1334.261353
611, 1634, 1833, 1337.258667
612, 1635, 1836, 1340.236084
613, 1636, 1839, 1343.193726
614, 1637, 1842, 1346.131836
615, 1638, 1845, 1349.050537
616, 1639, 1848, 1351.950073
617, 1640, 1851, 1354.830566
618, 1641, 1854, 1357.692261
619, 1642, 1857, 1360.535400
620, 1643, 1860, 1363.359985
621, 1644, 1863, 1366.166382
622, 1645, 1866, 1368.954712
623, 1646, 1869, 1371.725098
624, 1647, 1872, 1374.477783
625, 1648, 1875, 1377.213013
626, 1649, 1878, 1379.930908
627, 1650, 1881, 1382.631592
628, 1651, 1884, 1385.315308
629, 1652, 1887, 1387.982178
630, 1653, 1890, 1390.632446
631, 1654, 1893, 1393.266113
632, 1655, 1896, 1395.883423
633, 1656, 1899, 1398.484497
634, 1657, 1902, 1401.069580
635, 1658, 1905, 1403.638794
636, 1659, 1908, 1406.192383
637, 1660, 1911, 1408.730469
638, 1661, 1914, 1411.253174
639, 1662, 1917, 1413.760620
640, 1663, 1920, 1416.253052
641, 1664, 1923, 1418.730591
642, 1665, 1926, 1421.193359
643, 1666, 1929, 1423.641479
644, 1667, 1932, 1426.075073
645, 1668, 1935, 1428.494263
646, 1669, 1938, 1430.899292
647, 1670, 1941, 1433.290283
648, 1671, 1944, 1435.667358
649, 1672, 1947, 1438.030640
650, 1673, 1950, 1440.380371
651, 1674, 1953, 1442.716553
652, 1675, 1956, 1445.039429
653, 1676, 1959, 1447.348999
654, 1677, 1962, 1449.645508
655, 1678, 1965, 1451.929077
656, 1679, 1968, 1454.199829
657, 1680, 1971, 1456.457764
658, 1681, 1974, 1458.703125
659, 1682, 1977, 1460.936035
660, 1683, 1980, 1463.156616
661, 1684, 1983, 1465.364990
662, 1685, 1986, 1467.561279
663, 1686, 1989, 1469.745605
664, 1687, 1992, 1471.918213
665, 1688, 1995, 1474.079102
666, 1689, 1998, 1476.228394
667, 1690, 2001, 1478.366089
668, 1691, 2004, 1480.492432
669, 1692, 2007, 1482.607422
670, 1693, 2010, 1484.711304
671, 1694, 2013, 1486.804199
672, 1695, 2016, 1488.886108
673, 1696, 2019, 1490.957275
674, 1697, 2022, 1493.017700
675, 1698, 2025, 1495.067505
676, 1699, 2028, 1497.106812
677, 1700, 2031, 1499.135742
678, 1701, 2034, 1501.154419
679, 1702, 2037, 1503.162964
680, 1703, 2040, 1505.161377
681, 1704, 2043, 1507.149780
682, 1705, 2046, 1509.128174
683, 1706, 2049, 1511.096802
684, 1707, 2052, 1513.055786
685, 1708, 2055, 1515.005249
686, 1709, 2058, 1516.945190
687, 1710, 2061, 1518.875732
688, 1711, 2064, 1520.796997
689, 1712, 2067, 1522.708984
690, 1713, 2070, 1524.611938
691, 1714, 2073, 1526.505859
692, 1715, 2076, 1528.390869
693, 1716, 2079, 1530.266968
694, 1717, 2082, 1532.134277
695, 1718, 2085, 1533.992920
696, 1719, 2088, 1535.842896
697, 1720, 2091, 1537.684448
698, 1721, 2094, 1539.517578
699, 1722, 2097, 1541.342407
700, 1723, 2100, 1543.158936
701, 1724, 2103, 1544.967407
702, 1725, 2106, 1546.767700
703, 1726, 2109, 1548.560059
704, 1727, 2112, 1550.344482
705, 1728, 2115, 1552.121094
706, 1729, 2118, 1553.889893
707, 1730, 2121, 1555.650879
708, 1731, 2124, 1557.404297
709, 1732, 2127, 1559.150269
710, 1733, 2130, 1560.888794
711, 1734, 2133, 1562.619873
712, 1735, 2136, 1564.343628
713, 1736, 2139, 1566.060181
714, 1737, 2142, 1567.769531
715, 1738, 2145, 1569.471802
716, 1739, 2148, 1571.167114
717, 1740, 2151, 1572.855469
718, 1741, 2154, 1574.536987
719, 1742, 2157, 1576.211670
720, 1743, 2160, 1577.879517
721, 1744, 2163, 1579.540649
722, 1745, 2166, 1581.195190
723, 1746, 2169, 1582.843262
724, 1747, 2172, 1584.484863
725, 1748, 2175, 1586.119995
726, 1749, 2178, 1587.748779
727, 1750, 2181, 1589.371338
728, 1751, 2184, 1590.987671
729, 1752, 2187, 1592.597778
730, 1753, 2190, 1594.201904
731, 1754, 2193, 1595.799927
732, 1755, 2196, 1597.391846
733, 1756, 2199, 1598.977905
734, 1757, 2202, 1600.558105
735, 1758, 2205, 1602.132446
736, 1759, 2208, 1603.701050
737, 1760, 2211, 1605.264038
738, 1761, 2214, 1606.821411
739, 1762, 2217, 1608.373169
740, 1763, 2220, 1609.919434
741, 1764, 2223, 1611.460327
742, 1765, 2226, 1612.995728
743, 1766, 2229, 1614.525879
744, 1767, 2232, 1616.050537
745, 1768, 2235, 1617.569946
746, 1769, 2238, 1619.084229
747, 1770, 2241, 1620.593384
748, 1771, 2244, 1622.097412
749, 1772, 2247, 1623.596436
750, 1773, 2250, 1625.090454
751, 1774, 2253, 1626.579590
752, 1775, 2256, 1628.063843
753, 1776, 2259, 1629.543213
754, 1777, 2262, 1631.017822
755, 1778, 2265, 1632.487671
756, 1779, 2268, 1633.952881
757, 1780, 2271, 1635.413330
758, 1781, 2274, 1636.869141
759, 1782, 2277, 1638.320435
760, 1783, 2280, 1639.767212
761, 1784, 2283, 1641.209473
762, 1785, 2286, 1642.647339
763, 1786, 2289, 1644.080811
764, 1787, 2292, 1645.510010
765, 1788, 2295, 1646.934937
766, 1789, 2298, 1648.355591
767, 1790, 2301, 1649.772095
768, 1791, 2304, 1651.184448
769, 1792, 2307, 1652.592529
770, 1793, 2310, 1653.996582
771, 1794, 2313, 1655.396606
772, 1795, 2316, 1656.792603
773, 1796, 2319, 1658.184692
774, 1797, 2322, 1659.572876
775, 1798, 2325, 1660.957153
776, 1799, 2328, 1662.337646
777, 1800, 2331, 1663.714233
778, 1801, 2334, 1665.087158
779, 1802, 2337, 1666.456299
780, 1803, 2340, 1667.821777
781, 1804, 2343, 1669.183594
782, 1805, 2346, 1670.541748
783, 1806, 2349, 1671.896240
784, 1807, 2352, 1673.247192
785, 1808, 2355, 1674.594727
786, 1809, 2358, 1675.938721
787, 1810, 2361, 1677.279297
788, 1811, 2364, 1678.616455
789, 1812, 2367, 1679.950317
790, 1813, 2370, 1681.280884
791, 1814, 2373, 1682.608154
792, 1815, 2376, 1683.932129
793, 1816, 2379, 1685.252808
794, 1817, 2382, 1686.570312
795, 1818, 2385, 1687.884521
796, 1819, 2388, 1689.195679
797, 1820, 2391, 1690.503662
798, 1821, 2394, 1691.808594
799, 1822, 2397, 1693.110474
800, 1823, 2400, 1694.409424
801, 1824, 2403, 1695.705322
802, 1825, 2406, 1696.998291
803, 1826, 2409, 1698.288330
804, 1827, 2412, 1699.575439
805, 1828, 2415, 1700.859741
806, 1829, 2418, 1702.141235
807, 1830, 2421, 1703.419800
808, 1831, 2424, 1704.695557
809, 1832, 2427, 1705.968506
810, 1833, 2430, 1707.238770
811, 1834, 2433, 1708.506348
812, 1835, 2436, 1709.771240
813, 1836, 2439, 1711.033569
814, 1837, 2442, 1712.293213
815, 1838, 2445, 1713.550293
816, 1839, 2448, 1714.804810
817, 1840, 2451, 1716.056763
818, 1841, 2454, 1717.306274
819, 1842, 2457, 1718.553223
820, 1843, 2460, 1719.797607
821, 1844, 2463, 1721.039551
822, 1845, 2466, 1722.279175
823, 1846, 2469, 1723.516357
824, 1847, 2472, 1724.751221
825, 1848, 2475, 1725.983765
826, 1849, 2478, 1727.213989
827, 1850, 2481, 1728.441895
828, 1851, 2484, 1729.667480
829, 1852, 2487, 1730.890869
830, 1853, 2490, 1732.112061
831, 1854, 2493, 1733.331055
832, 1855, 2496, 1734.547729
833, 1856, 2499, 1735.762207
834, 1857, 2502, 1736.974487
835, 1858, 2505, 1738.184692
836, 1859, 2508, 1739.392822
837, 1860, 2511, 1740.598877
838, 1861, 2514, 1741.802856
839, 1862, 2517, 1743.004883
840, 1863, 2520, 1744.204834
841, 1864, 2523, 1745.402832
842, 1865, 2526, 1746.598877
843, 1866, 2529, 1747.792969
844, 1867, 2532, 1748.985107
845, 1868, 2535, 1750.175171
846, 1869, 2538, 1751.363403
847, 1870, 2541, 1752.549683
848, 1871, 2544, 1753.734131
849, 1872, 2547, 1754.916748
850, 1873, 2550, 1756.097534
851, 1874, 2553, 1757.276611
852, 1875, 2556, 1758.453857
853, 1876, 2559, 1759.629395
854, 1877, 2562, 1760.803101
855, 1878, 2565, 1761.975098
856, 1879, 2568, 1763.145386
857, 1880, 2571, 1764.313843
858, 1881, 2574, 1765.480713
859, 1882, 2577, 1766.645874
860, 1883, 2580, 1767.809448
861, 1884, 2583, 1768.971313
862, 1885, 2586, 1770.131592
863, 1886, 2589, 1771.290283
864, 1887, 2592, 1772.447388
865, 1888, 2595, 1773.602905
866, 1889, 2598, 1774.756958
867, 1890, 2601, 1775.909424
868, 1891, 2604, 1777.060425
869, 1892, 2607, 1778.209717
870, 1893, 2610, 1779.357544
871, 1894, 2613, 1780.503906
872, 1895, 2616, 1781.648804
873, 1896, 2619, 1782.792236
874, 1897, 2622, 1783.934326
875, 1898, 2625, 1785.074951
876, 1899, 2628, 1786.214233
877, 1900, 2631, 1787.352051
878, 1901, 2634, 1788.488525
879, 1902, 2637, 1789.623657
880, 1903, 2640, 1790.757446
881, 1904, 2643, 1791.889893
882, 1905, 2646, 1793.020996
883, 1906, 2649, 1794.150757
884, 1907, 2652, 1795.279175
885, 1908, 2655, 1796.406372
886, 1909, 2658, 1797.532349
887, 1910, 2661, 1798.656982
888, 1911, 2664, 1799.780396
889, 1912, 2667, 1800.902588
890, 1913, 2670, 1802.023560
891, 1914, 2673, 1803.143311
892, 1915, 2676, 1804.261963
893, 1916, 2679, 1805.379395
894, 1917, 2682, 1806.495483
895, 1918, 2685, 1807.610474
896, 1919, 2688, 1808.724365
897, 1920, 2691, 1809.837036
898, 1921, 2694, 1810.948608
899, 1922, 2697, 1812.059082
900, 1923, 2700, 1813.168457
901, 1924, 2703, 1814.276733
902, 1925, 2706, 1815.384033
903, 1926, 2709, 1816.490234
904, 1927, 2712, 1817.595337
905, 1928, 2715, 1818.699463
906, 1929, 2718, 1819.802490
907, 1930, 2721, 1820.904419
908, 1931, 2724, 1822.005371
909, 1932, 2727, 1823.105225
910, 1933, 2730, 1824.204102
911, 1934, 2733, 1825.302002
912, 1935, 2736, 1826.398926
913, 1936, 2739, 1827.494995
914, 1937, 2742, 1828.590088
915, 1938, 2745, 1829.684204
916, 1939, 2748, 1830.777344
917, 1940, 2751, 1831.869629
918, 1941, 2754, 1832.960938
919, 1942, 2757, 1834.051270
920, 1943, 2760, 1835.140747
921, 1944, 2763, 1836.229248
922, 1945, 2766, 1837.316895
923, 1946, 2769, 1838.403687
924, 1947, 2772, 1839.489624
925, 1948, 2775, 1840.574707
926, 1949, 2778, 1841.658936
927, 1950, 2781, 1842.742310
928, 1951, 2784, 1843.824951
929, 1952, 2787, 1844.906738
930, 1953, 2790, 1845.987671
931, 1954, 2793, 1847.067871
932, 1955, 2796, 1848.147095
933, 1956, 2799, 1849.225586
934, 1957, 2802, 1850.303345
935, 1958, 2805, 1851.380249
936, 1959, 2808, 1852.456421
937, 1960, 2811, 1853.531860
938, 1961, 2814, 1854.606567
939, 1962, 2817, 1855.680542
940, 1963, 2820, 1856.753784
941, 1964, 2823, 1857.826294
942, 1965, 2826, 1858.898071
943, 1966, 2829, 1859.969116
944, 1967, 2832, 1861.039307
945, 1968, 2835, 1862.108887
946, 1969, 2838, 1863.177734
947, 1970, 2841, 1864.245972
948, 1971, 2844, 1865.313477
949, 1972, 2847, 1866.380371
950, 1973, 2850, 1867.446533
951, 1974, 2853, 1868.512085
952, 1975, 2856, 1869.577026
953, 1976, 2859, 1870.641235
954, 1977, 2862, 1871.704834
955, 1978, 2865, 1872.767822
956, 1979, 2868, 1873.830200
957, 1980, 2871, 1874.891846
958, 1981, 2874, 1875.952881
959, 1982, 2877, 1877.013306
960, 1983, 2880, 1878.073120
961, 1984, 2883, 1879.132324
962, 1985, 2886, 1880.191040
963, 1986, 2889, 1881.249146
964, 1987, 2892, 1882.306641
965, 1988, 2895, 1883.363647
966, 1989, 2898, 1884.420044
967, 1990, 2901, 1885.475830
968, 1991, 2904, 1886.531128
969, 1992, 2907, 1887.585815
970, 1993, 2910, 1888.639893
971, 1994, 2913, 1889.693481
972, 1995, 2916, 1890.746460
973, 1996, 2919, 1891.798950
974, 1997, 2922, 1892.850952
975, 1998, 2925, 1893.902466
976, 1999, 2928, 1894.953491
977, 2000, 2931, 1896.004028
978, 2001, 2934, 1897.053955
979, 2002, 2937, 1898.103394
980, 2003, 2940, 1899.152466
981, 2004, 2943, 1900.201050
982, 2005, 2946, 1901.249023
983, 2006, 2949, 1902.296509
984, 2007, 2952, 1903.343506
985, 2008, 2955, 1904.390015
986, 2009, 2958, 1905.436157
987, 2010, 2961, 1906.481812
988, 2011, 2964, 1907.526978
989, 2012, 2967, 1908.571777
990, 2013, 2970, 1909.616089
991, 2014, 2973, 1910.659912
992, 2015, 2976, 1911.703369
993, 2016, 2979, 1912.746338
994, 2017, 2982, 1913.788818
995, 2018, 2985, 1914.830933
996, 2019, 2988, 1915.872559
997, 2020, 2991, 1916.913818
998, 2021, 2994, 1917.954712
999, 2022, 2997, 1918.995117
